{
	"alertID": 1231321321,
	"l1dbID": 222222222,
	"diaSource":
		{
			"diaSourceId":111111,
			"ccdVisitId":111111,
			"midPointTai":12314.142412,
			"filterName":"my favorite filter",
			"radec": {
				"ra": 124142.12414,
				"dec": 1214141.121
				},
			"radecCov": {
			"raVar": 12311.1421,
			"decVar": 12311.131,
			"ra_dec_Cov": 1231.31231
				},
			"xy": {
				"x": 112.1,
				"y": 121.1
				},
			"xyCov": {
				"xVar": 1.2,
				"yVar": 12.1,
				"x_y_Cov": 11.2
				},
			"snr": 41.1,
			"psFlux": 1241.0,
			"flags": 0
		},
	"prevDiaSources": [
		{
			"diaSourceId":8888888,
			"ccdVisitId":111111,
			"midPointTai":12314.142412,
			"filterName":"my favorite filter",
			"radec": {
				"ra": 124142.12414,
				"dec": 1214141.121
				},
			"radecCov": {
			"raVar": 12311.1421,
			"decVar": 12311.131,
			"ra_dec_Cov": 1231.31231
				},
			"xy": {
				"x": 112.1,
				"y": 121.1
				},
			"xyCov": {
				"xVar": 1.2,
				"yVar": 12.1,
				"x_y_Cov": 11.2
				},
			"snr": 41.1,
			"psFlux": 1241.0,
			"flags": 0
		},
		{
			"diaSourceId":999999,
			"ccdVisitId":111111,
			"midPointTai":12314.142412,
			"filterName":"my favorite filter",
			"radec": {
				"ra": 124142.12414,
				"dec": 1214141.121
				},
			"radecCov": {
			"raVar": 12311.1421,
			"decVar": 12311.131,
			"ra_dec_Cov": 1231.31231
				},
			"xy": {
				"x": 112.1,
				"y": 121.1
				},
			"xyCov": {
				"xVar": 1.2,
				"yVar": 12.1,
				"x_y_Cov": 11.2
				},
			"snr": 41.1,
			"psFlux": 1241.0,
			"flags": 0
			}
			],
	"diaObject": {
			"diaObjectId":34131412,
			"radec": {
				"ra": 6534654.12414,
				"dec": 6544436.121
				},
			"radecCov": {
				"raVar": 432.1421,
				"decVar": 243.131,
				"ra_dec_Cov": 243.31231
				},
			"radecTai": 134904.12414,
			"mu": {
				"muRa": 6534654.12414,
				"muDec": 6544436.121
				},
			"parallax":2.124124,
			"muParallaxCov": {
				"muRaVar": 432.1421,
				"muDecVar": 432.1421,
				"parallaxVar": 432.1421,
				"muRa_muDec_Cov": 432.1421,
				"muRa_parallax_Cov": 432.1421,
				"muDec_parallax_Cov": 432.1421
				},
			"muParallaxLnL": 1343141.0341,
			"muParallaxChi2": 1341421.2414,
			"muParallaxN": 1214,

			"flags": 0
		},
	"ssObject": {
		"ssObjectId":5364546,
		"oe": {
			"q": 6654.14,
			"e": 636.121,
			"i": 5436.2344,
			"lan": 54325.34,
			"aop": 344243.3,
			"M": 131.1241,
			"epoch": 134141
			},
		"arc":2.124124,
		"orbFitLnL": 1343141.0341,
		"orbFitChi2": 1341421.2414,
		"orbFitN": 1214,
		"MOID1": 3141.0,
		"MOID2": 23432.423,
		"moidLon1": 2143.213,
		"moidLon2": 3142.23123,
		"uH": 13231.231,
		"uHSigma": 13213.213,
		"uG1": 32131.312,
		"uG1Sigma": 31232.2132,
		"uG2": 231.2313,
		"uG2Sigma": 23132.231,
		"flags": 0
	},

	"diaObjectL2": {
		"diaObjectId":34131412,
		"radec": {
			"ra": 6534654.12414,
			"dec": 6544436.121
			},
		"radecCov": {
			"raVar": 432.1421,
			"decVar": 243.131,
			"ra_dec_Cov": 243.31231
			},
		"radecTai": 134904.12414,
		"mu": {
			"muRa": 6534654.12414,
			"muDec": 6544436.121
			},
		"parallax":2.124124,
		"muParallaxCov": {
			"muRaVar": 432.1421,
			"muDecVar": 432.1421,
			"parallaxVar": 432.1421,
			"muRa_muDec_Cov": 432.1421,
			"muRa_parallax_Cov": 432.1421,
			"muDec_parallax_Cov": 432.1421
			},
		"muParallaxLnL": 1343141.0341,
		"muParallaxChi2": 1341421.2414,
		"muParallaxN": 1214,
		"flags": 0
	},
	"diaSourcesL2":[
		{
			"diaSourceId":666666,
			"ccdVisitId":111111,
			"midPointTai":12314.142412,
			"filterName":"my favorite filter",
			"radec": {
				"ra": 124142.12414,
				"dec": 1214141.121
				},
			"radecCov": {
			"raVar": 12311.1421,
			"decVar": 12311.131,
			"ra_dec_Cov": 1231.31231
				},
			"xy": {
				"x": 112.1,
				"y": 121.1
				},
			"xyCov": {
				"xVar": 1.2,
				"yVar": 12.1,
				"x_y_Cov": 11.2
				},
			"snr": 41.1,
			"psFlux": 1241.0,
			"flags": 0
		},
		{
			"diaSourceId":777777,
			"ccdVisitId":111111,
			"midPointTai":12314.142412,
			"filterName":"my favorite filter",
			"radec": {
				"ra": 124142.12414,
				"dec": 1214141.121
				},
			"radecCov": {
			"raVar": 12311.1421,
			"decVar": 12311.131,
			"ra_dec_Cov": 1231.31231
				},
			"xy": {
				"x": 112.1,
				"y": 121.1
				},
			"xyCov": {
				"xVar": 1.2,
				"yVar": 12.1,
				"x_y_Cov": 11.2
				},
			"snr": 41.1,
			"psFlux": 1241.0,
			"flags": 0
			}
			]

}
