{
	"diaObjectId":34131412,
	"radec": {
		"ra": 6534654.12414,
		"decl": 6544436.121
		},
	"radecCov": {
		"raSigma": 432.1421,
		"declSigma": 243.131,
		"ra_decl_Cov": 243.31231
		},
	"radecTai": 134904.12414,
	"mu": {
		"muRa": 6534654.12414,
		"muDecl": 6544436.121
		},
	"parallax":2.124124,
	"muParallaxCov": {
		"muParallaxCov01": 432.1421,
		"muParallaxCov02": 432.1421,
		"muParallaxCov03": 432.1421,
		"muParallaxCov04": 432.1421,
		"muParallaxCov05": 432.1421,
		"muParallaxCov06": 432.1421
		},
	"muParallaxLnL": 1343141.0341,
	"muParallaxChi2": 1341421.2414,
	"muParallaxN": 1214,
	"flags": 0
}
