{
	"diaObjectId":34131412,
	"radec": {
		"ra": 6534654.12414,
		"dec": 6544436.121
		},
	"radecCov": {
		"raVar": 432.1421,
		"decVar": 243.131,
		"ra_dec_Cov": 243.31231
		},
	"radecTai": 134904.12414,
	"mu": {
		"muRa": 6534654.12414,
		"muDec": 6544436.121
		},
	"parallax":2.124124,
	"muParallaxCov": {
		"muRaVar": 432.1421,
		"muDecVar": 432.1421,
		"parallaxVar": 432.1421,
		"muRa_muDec_Cov": 432.1421,
		"muRa_parallax_Cov": 432.1421,
		"muDec_parallax_Cov": 432.1421
		},
	"muParallaxLnL": 1343141.0341,
	"muParallaxChi2": 1341421.2414,
	"muParallaxN": 1214,
	"flags": 0
}
