{
	"diaObjectId": 281323062375219201,
	"ra": 351.570546978,
	"decl": 0.126243049656,
	"ra_decl_Cov": {
		"raSigma": 0.00028,
		"declSigma": 0.00028,
		"ra_decl_Cov": 0.00029
		},
	"radecTai": 1480360995,
	"pmRa": 0.00013,
	"pmDecl": 0.00014,
	"parallax": 2.124124,
	"pm_parallax_Cov": {
		"pmRaSigma": 0.00013,
		"pmDeclSigma": 0.00013,
		"parallaxSigma": 0.00013,
		"pmRa_pmDecl_Cov": 0.00013,
		"pmRa_parallax_Cov": 0.00013,
		"pmDecl_parallax_Cov": 0.00013
		},
	"pmParallaxLnL": 0.00013,
	"pmParallaxChi2": 0.00013,
	"pmParallaxNdata": 1214,
	"flags": 0
}
