{
	"diaSourceId": 281323062375219200,
	"ccdVisitId": 111111,
	"midPointTai": 1480360995,
	"filterName": "r",
	"ra": 351.570546978,
	"decl": 0.126243049656,
	"ra_decl_Cov": {
		"raSigma": 0.00028,
		"declSigma": 0.00028,
		"ra_decl_Cov": 0.00029
		},
	"x": 112.1,
	"y": 121.1,
	"x_y_Cov": {
		"xSigma": 1.2,
		"ySigma": 1.1,
		"x_y_Cov": 1.2
		},
	"snr": 41.1,
	"psFlux": 1241.0,
	"flags": 0
}
