{
	"ssObjectId":5364546,
	"oe": {
		"q": 6654.14,
		"e": 636.121,
		"i": 5436.2344,
		"lan": 54325.34,
		"aop": 344243.3,
		"M": 131.1241,
		"epoch": 134141
		},
	"arc":2.124124,
	"orbFitLnL": 1343141.0341,
	"orbFitChi2": 1341421.2414,
	"orbFitNdata": 1214,
	"MOID1": 3141.0,
	"MOID2": 23432.423,
	"moidLon1": 2143.213,
	"moidLon2": 3142.23123,
	"uH": 13231.231,
	"uHErr": 13213.213,
	"uG1": 32131.312,
	"uG1Err": 31232.2132,
	"uG2": 231.2313,
	"uG2Err": 23132.231,
	"flags": 0
}
